Workbook

Sheet Leeme
A1: El costo de equivocarse: errores tipo I y tipo II
A2: Libro de comprobación generado por la aplicación (Wackerly, Mendenhall y Scheaffer, 7.ª ed., cap. 10)
A4: Cómo se usa
A5: 1. Las celdas AMARILLAS con número azul son entradas: cámbialas y Excel recalcula todo.
A6: 2. Las celdas blancas son fórmulas de Excel, no números copiados de Python.
A7: 3. Compara los resultados con la aplicación: deben coincidir (salvo redondeo).
A8: 4. Puedes volver a subir este libro a la aplicación (página «Excel»): la app lee las
A9: entradas de las hojas Binomial y Prueba_Z, y las observaciones de la hoja Tus_datos.
A11: Hojas
A12: Binomial: ejemplo de Jones. α = P(Y ∈ RR | p0), β = P(Y ∉ RR | p1), potencia = 1 − β.
A13: Curva_beta: β(p) para muchos valores verdaderos p (toda la alternativa compuesta).
A14: Prueba_Z: prueba Z para una media con σ conocida; frontera k, α, β, potencia y n requerido.
... A20: NORMSDIST = DISTR.NORM.ESTAND · COUNTIFS = CONTAR.SI.CONJUNTO

Sheet Binomial
A1: Módulo 1 · El ejemplo binomial (Jones)
A2: Y ~ Binomial(n, p). Cola inferior: Ha: p < p0, RR = {y ≤ c}. Cola superior: Ha: p > p0, RR = {y ≥ c}.
A3: Entradas
A4: n (votantes) | B4: 15
A5: p0 (bajo H0) | B5: 0.5
A6: p1 (alternativa específica) | B6: 0.3
A7: c (umbral de rechazo) | B7: 2
A8: cola | B8: inferior
A10: Resultados
A11: α = P(Y ∈ RR | p0) | B11: =IF($B$8="inferior",BINOMDIST($B$7,$B$4,$B$5,TRUE()),IF($B$7<=0,1,1-BINOMDIST($B$7-1,$B$4,$B$5,TRUE()))) -> 0.003692627
A12: β(p1) = P(Y ∉ RR | p1) | B12: =1-IF($B$8="inferior",BINOMDIST($B$7,$B$4,$B$6,TRUE()),IF($B$7<=0,1,1-BINOMDIST($B$7-1,$B$4,$B$6,TRUE()))) -> 0.87317229
A13: Potencia en p1 = 1 − β(p1) | B13: =1-B12 -> 0.12682771
A15: y | B15: P(Y = y | p0) | C15: P(Y = y | p1) | D15: Región | F15: Suma de control (debe dar 1):
A16: 0 | B16: =IF(A16>$B$4,"",BINOMDIST(A16,$B$4,$B$5,FALSE())) -> 3.0517578e-05 | C16: =IF(A16>$B$4,"",BINOMDIST(A16,$B$4,$B$6,FALSE())) -> 0.0047475615 | D16: =IF(A16>$B$4,"",IF(OR(AND($B$8="inferior",A16<=$B$7),AND($B$8="superior",A16>=$B$7)),"Rechazo","No rechazo")) -> Rechazo | F16: =SUM(B16:B116) -> 1
A17: 1 | B17: =IF(A17>$B$4,"",BINOMDIST(A17,$B$4,$B$5,FALSE())) -> 0.00045776367 | C17: =IF(A17>$B$4,"",BINOMDIST(A17,$B$4,$B$6,FALSE())) -> 0.030520038 | D17: =IF(A17>$B$4,"",IF(OR(AND($B$8="inferior",A17<=$B$7),AND($B$8="superior",A17>=$B$7)),"Rechazo","No rechazo")) -> Rechazo
A18: 2 | B18: =IF(A18>$B$4,"",BINOMDIST(A18,$B$4,$B$5,FALSE())) -> 0.0032043457 | C18: =IF(A18>$B$4,"",BINOMDIST(A18,$B$4,$B$6,FALSE())) -> 0.091560115 | D18: =IF(A18>$B$4,"",IF(OR(AND($B$8="inferior",A18<=$B$7),AND($B$8="superior",A18>=$B$7)),"Rechazo","No rechazo")) -> Rechazo
A19: 3 | B19: =IF(A19>$B$4,"",BINOMDIST(A19,$B$4,$B$5,FALSE())) -> 0.013885498 | C19: =IF(A19>$B$4,"",BINOMDIST(A19,$B$4,$B$6,FALSE())) -> 0.17004021 | D19: =IF(A19>$B$4,"",IF(OR(AND($B$8="inferior",A19<=$B$7),AND($B$8="superior",A19>=$B$7)),"Rechazo","No rechazo")) -> No rechazo
A20: 4 | B20: =IF(A20>$B$4,"",BINOMDIST(A20,$B$4,$B$5,FALSE())) -> 0.041656494 | C20: =IF(A20>$B$4,"",BINOMDIST(A20,$B$4,$B$6,FALSE())) -> 0.21862313 | D20: =IF(A20>$B$4,"",IF(OR(AND($B$8="inferior",A20<=$B$7),AND($B$8="superior",A20>=$B$7)),"Rechazo","No rechazo")) -> No rechazo
A21: 5 | B21: =IF(A21>$B$4,"",BINOMDIST(A21,$B$4,$B$5,FALSE())) -> 0.091644287 | C21: =IF(A21>$B$4,"",BINOMDIST(A21,$B$4,$B$6,FALSE())) -> 0.20613038 | D21: =IF(A21>$B$4,"",IF(OR(AND($B$8="inferior",A21<=$B$7),AND($B$8="superior",A21>=$B$7)),"Rechazo","No rechazo")) -> No rechazo
A22: 6 | B22: =IF(A22>$B$4,"",BINOMDIST(A22,$B$4,$B$5,FALSE())) -> 0.15274048 | C22: =IF(A22>$B$4,"",BINOMDIST(A22,$B$4,$B$6,FALSE())) -> 0.14723599 | D22: =IF(A22>$B$4,"",IF(OR(AND($B$8="inferior",A22<=$B$7),AND($B$8="superior",A22>=$B$7)),"Rechazo","No rechazo")) -> No rechazo
A23: 7 | B23: =IF(A23>$B$4,"",BINOMDIST(A23,$B$4,$B$5,FALSE())) -> 0.19638062 | C23: =IF(A23>$B$4,"",BINOMDIST(A23,$B$4,$B$6,FALSE())) -> 0.081130033 | D23: =IF(A23>$B$4,"",IF(OR(AND($B$8="inferior",A23<=$B$7),AND($B$8="superior",A23>=$B$7)),"Rechazo","No rechazo")) -> No rechazo
A24: 8 | B24: =IF(A24>$B$4,"",BINOMDIST(A24,$B$4,$B$5,FALSE())) -> 0.19638062 | C24: =IF(A24>$B$4,"",BINOMDIST(A24,$B$4,$B$6,FALSE())) -> 0.034770014 | D24: =IF(A24>$B$4,"",IF(OR(AND($B$8="inferior",A24<=$B$7),AND($B$8="superior",A24>=$B$7)),"Rechazo","No rechazo")) -> No rechazo
A25: 9 | B25: =IF(A25>$B$4,"",BINOMDIST(A25,$B$4,$B$5,FALSE())) -> 0.15274048 | C25: =IF(A25>$B$4,"",BINOMDIST(A25,$B$4,$B$6,FALSE())) -> 0.011590005 | D25: =IF(A25>$B$4,"",IF(OR(AND($B$8="inferior",A25<=$B$7),AND($B$8="superior",A25>=$B$7)),"Rechazo","No rechazo")) -> No rechazo
A26: 10 | B26: =IF(A26>$B$4,"",BINOMDIST(A26,$B$4,$B$5,FALSE())) -> 0.091644287 | C26: =IF(A26>$B$4,"",BINOMDIST(A26,$B$4,$B$6,FALSE())) -> 0.0029802869 | D26: =IF(A26>$B$4,"",IF(OR(AND($B$8="inferior",A26<=$B$7),AND($B$8="superior",A26>=$B$7)),"Rechazo","No rechazo")) -> No rechazo
A27: 11 | B27: =IF(A27>$B$4,"",BINOMDIST(A27,$B$4,$B$5,FALSE())) -> 0.041656494 | C27: =IF(A27>$B$4,"",BINOMDIST(A27,$B$4,$B$6,FALSE())) -> 0.00058057538 | D27: =IF(A27>$B$4,"",IF(OR(AND($B$8="inferior",A27<=$B$7),AND($B$8="superior",A27>=$B$7)),"Rechazo","No rechazo")) -> No rechazo
A28: 12 | B28: =IF(A28>$B$4,"",BINOMDIST(A28,$B$4,$B$5,FALSE())) -> 0.013885498 | C28: =IF(A28>$B$4,"",BINOMDIST(A28,$B$4,$B$6,FALSE())) -> 8.293934e-05 | D28: =IF(A28>$B$4,"",IF(OR(AND($B$8="inferior",A28<=$B$7),AND($B$8="superior",A28>=$B$7)),"Rechazo","No rechazo")) -> No rechazo
... A116: 100 | B116: =IF(A116>$B$4,"",BINOMDIST(A116,$B$4,$B$5,FALSE())) | C116: =IF(A116>$B$4,"",BINOMDIST(A116,$B$4,$B$6,FALSE())) | D116: =IF(A116>$B$4,"",IF(OR(AND($B$8="inferior",A116<=$B$7),AND($B$8="superior",A116>=$B$7)),"Rechazo","No rechazo"))

Sheet Curva_beta
A1: β(p) para toda la alternativa compuesta
A2: Usa n, c y la cola de la hoja Binomial. Solo los p que están en Ha son errores tipo II.
A4: p verdadero | B4: β(p) | C4: Potencia 1 − β(p) | D4: ¿p en Ha?
A5: 0.01 | B5: =1-IF(Binomial!$B$8="inferior",BINOMDIST(Binomial!$B$7,Binomial!$B$4,A5,TRUE()),IF(Binomial!$B$7<=0,1,1-BINOMDIST(Binomial!$B$7-1,Binomial!$B$4,A5,TRUE()))) -> 0.0004158027 | C5: =1-B5 -> 0.9995842 | D5: =IF(OR(AND(Binomial!$B$8="inferior",A5<Binomial!$B$5),AND(Binomial!$B$8="superior",A5>Binomial!$B$5)),"sí","no") -> sí
A6: 0.02 | B6: =1-IF(Binomial!$B$8="inferior",BINOMDIST(Binomial!$B$7,Binomial!$B$4,A6,TRUE()),IF(Binomial!$B$7<=0,1,1-BINOMDIST(Binomial!$B$7-1,Binomial!$B$4,A6,TRUE()))) -> 0.0030393746 | C6: =1-B6 -> 0.99696063 | D6: =IF(OR(AND(Binomial!$B$8="inferior",A6<Binomial!$B$5),AND(Binomial!$B$8="superior",A6>Binomial!$B$5)),"sí","no") -> sí
A7: 0.03 | B7: =1-IF(Binomial!$B$8="inferior",BINOMDIST(Binomial!$B$7,Binomial!$B$4,A7,TRUE()),IF(Binomial!$B$7<=0,1,1-BINOMDIST(Binomial!$B$7-1,Binomial!$B$4,A7,TRUE()))) -> 0.009371426 | C7: =1-B7 -> 0.99062857 | D7: =IF(OR(AND(Binomial!$B$8="inferior",A7<Binomial!$B$5),AND(Binomial!$B$8="superior",A7>Binomial!$B$5)),"sí","no") -> sí
A8: 0.04 | B8: =1-IF(Binomial!$B$8="inferior",BINOMDIST(Binomial!$B$7,Binomial!$B$4,A8,TRUE()),IF(Binomial!$B$7<=0,1,1-BINOMDIST(Binomial!$B$7-1,Binomial!$B$4,A8,TRUE()))) -> 0.020291803 | C8: =1-B8 -> 0.9797082 | D8: =IF(OR(AND(Binomial!$B$8="inferior",A8<Binomial!$B$5),AND(Binomial!$B$8="superior",A8>Binomial!$B$5)),"sí","no") -> sí
A9: 0.05 | B9: =1-IF(Binomial!$B$8="inferior",BINOMDIST(Binomial!$B$7,Binomial!$B$4,A9,TRUE()),IF(Binomial!$B$7<=0,1,1-BINOMDIST(Binomial!$B$7-1,Binomial!$B$4,A9,TRUE()))) -> 0.036200239 | C9: =1-B9 -> 0.96379976 | D9: =IF(OR(AND(Binomial!$B$8="inferior",A9<Binomial!$B$5),AND(Binomial!$B$8="superior",A9>Binomial!$B$5)),"sí","no") -> sí
A10: 0.06 | B10: =1-IF(Binomial!$B$8="inferior",BINOMDIST(Binomial!$B$7,Binomial!$B$4,A10,TRUE()),IF(Binomial!$B$7<=0,1,1-BINOMDIST(Binomial!$B$7-1,Binomial!$B$4,A10,TRUE()))) -> 0.057133324 | C10: =1-B10 -> 0.94286668 | D10: =IF(OR(AND(Binomial!$B$8="inferior",A10<Binomial!$B$5),AND(Binomial!$B$8="superior",A10>Binomial!$B$5)),"sí","no") -> sí
A11: 0.07 | B11: =1-IF(Binomial!$B$8="inferior",BINOMDIST(Binomial!$B$7,Binomial!$B$4,A11,TRUE()),IF(Binomial!$B$7<=0,1,1-BINOMDIST(Binomial!$B$7-1,Binomial!$B$4,A11,TRUE()))) -> 0.082860954 | C11: =1-B11 -> 0.91713905 | D11: =IF(OR(AND(Binomial!$B$8="inferior",A11<Binomial!$B$5),AND(Binomial!$B$8="superior",A11>Binomial!$B$5)),"sí","no") -> sí
A12: 0.08 | B12: =1-IF(Binomial!$B$8="inferior",BINOMDIST(Binomial!$B$7,Binomial!$B$4,A12,TRUE()),IF(Binomial!$B$7<=0,1,1-BINOMDIST(Binomial!$B$7-1,Binomial!$B$4,A12,TRUE()))) -> 0.11296513 | C12: =1-B12 -> 0.88703487 | D12: =IF(OR(AND(Binomial!$B$8="inferior",A12<Binomial!$B$5),AND(Binomial!$B$8="superior",A12>Binomial!$B$5)),"sí","no") -> sí
A13: 0.09 | B13: =1-IF(Binomial!$B$8="inferior",BINOMDIST(Binomial!$B$7,Binomial!$B$4,A13,TRUE()),IF(Binomial!$B$7<=0,1,1-BINOMDIST(Binomial!$B$7-1,Binomial!$B$4,A13,TRUE()))) -> 0.14690367 | C13: =1-B13 -> 0.85309633 | D13: =IF(OR(AND(Binomial!$B$8="inferior",A13<Binomial!$B$5),AND(Binomial!$B$8="superior",A13>Binomial!$B$5)),"sí","no") -> sí
A14: 0.1 | B14: =1-IF(Binomial!$B$8="inferior",BINOMDIST(Binomial!$B$7,Binomial!$B$4,A14,TRUE()),IF(Binomial!$B$7<=0,1,1-BINOMDIST(Binomial!$B$7-1,Binomial!$B$4,A14,TRUE()))) -> 0.18406107 | C14: =1-B14 -> 0.81593893 | D14: =IF(OR(AND(Binomial!$B$8="inferior",A14<Binomial!$B$5),AND(Binomial!$B$8="superior",A14>Binomial!$B$5)),"sí","no") -> sí
A15: 0.11 | B15: =1-IF(Binomial!$B$8="inferior",BINOMDIST(Binomial!$B$7,Binomial!$B$4,A15,TRUE()),IF(Binomial!$B$7<=0,1,1-BINOMDIST(Binomial!$B$7-1,Binomial!$B$4,A15,TRUE()))) -> 0.22378845 | C15: =1-B15 -> 0.77621155 | D15: =IF(OR(AND(Binomial!$B$8="inferior",A15<Binomial!$B$5),AND(Binomial!$B$8="superior",A15>Binomial!$B$5)),"sí","no") -> sí
A16: 0.12 | B16: =1-IF(Binomial!$B$8="inferior",BINOMDIST(Binomial!$B$7,Binomial!$B$4,A16,TRUE()),IF(Binomial!$B$7<=0,1,1-BINOMDIST(Binomial!$B$7-1,Binomial!$B$4,A16,TRUE()))) -> 0.2654344 | C16: =1-B16 -> 0.7345656 | D16: =IF(OR(AND(Binomial!$B$8="inferior",A16<Binomial!$B$5),AND(Binomial!$B$8="superior",A16>Binomial!$B$5)),"sí","no") -> sí
... A103: 0.99 | B103: =1-IF(Binomial!$B$8="inferior",BINOMDIST(Binomial!$B$7,Binomial!$B$4,A103,TRUE()),IF(Binomial!$B$7<=0,1,1-BINOMDIST(Binomial!$B$7-1,Binomial!$B$4,A103,TRUE()))) -> 1 | C103: =1-B103 -> 0 | D103: =IF(OR(AND(Binomial!$B$8="inferior",A103<Binomial!$B$5),AND(Binomial!$B$8="superior",A103>Binomial!$B$5)),"sí","no") -> no

Sheet Prueba_Z
A1: Módulo 2 · Prueba Z para una media (σ conocida)
A2: Superior: Ha: μ > μ0, RR = {ȳ > k}. Inferior: Ha: μ < μ0, RR = {ȳ < k}. k = μ0 ± z_α·σ/√n.
A3: Entradas | D3: Mover la frontera a mano
A4: μ0 (media bajo H0) | B4: 0 | D4: k propuesto | E4: -0.329
A5: μ1 (alternativa específica) | B5: -0.4 | D5: α(k) | E5: =IF(B9="superior",1-NORMDIST(E4,B4,B12,TRUE()),NORMDIST(E4,B4,B12,TRUE())) -> 0.049984906
A6: σ (conocida) | B6: 1 | D6: β(k) | E6: =IF(B9="superior",NORMDIST(E4,B5,B12,TRUE()),1-NORMDIST(E4,B5,B12,TRUE())) -> 0.3612948
A7: n | B7: 25
A8: α | B8: 0.05 | D8: Si k se aleja de μ0 hacia Ha, α(k) baja y β(k) sube.
A9: cola | B9: inferior
A11: Resultados
A12: EE = σ/√n | B12: =B6/SQRT(B7) -> 0.2
A13: z_α (P(Z > z_α) = α) | B13: =NORMSINV(1-B8) -> 1.6448536
A14: Frontera k | B14: =IF(B9="superior",B4+B13*B12,B4-B13*B12) -> -0.32897073
A15: α comprobado = P(Ȳ ∈ RR | μ0) | B15: =IF(B9="superior",1-NORMDIST(B14,B4,B12,TRUE()),NORMDIST(B14,B4,B12,TRUE())) -> 0.05
A16: β(μ1) = P(Ȳ ∉ RR | μ1) | B16: =IF(B9="superior",NORMDIST(B14,B5,B12,TRUE()),1-NORMDIST(B14,B5,B12,TRUE())) -> 0.36123997
A17: Potencia en μ1 = 1 − β | B17: =1-B16 -> 0.63876003
A19: Tamaño muestral (Sección 10.4)
A20: β deseado en μ1 | B20: 0.1
A21: z_β | B21: =NORMSINV(1-B20) -> 1.2815516
A22: n = (z_α + z_β)² σ² / (μ1 − μ0)² | B22: =ROUNDUP((B13+B21)^2*B6^2/(B5-B4)^2,0) -> 54

Sheet Monte_Carlo
A1: Módulo 3 · Monte Carlo (prueba Z)
A2: Las medias vienen de la app. La decisión y el tipo de error los calcula Excel con las entradas de abajo.
A3: Parámetros usados | D3: Resumen calculado por Excel
A4: μ0 | B4: 0 | E4: Experimentos | F4: Errores | G4: Frecuencia | H4: Teórica
A5: μ1 | B5: -0.4 | D5: H0 verdadera → error tipo I | E5: =COUNTIF(B22:B5021,"H0 verdadera") -> 2469 | F5: =COUNTIFS(B22:B5021,"H0 verdadera",F22:F5021,"Error tipo I") -> 103 | G5: =IF(E5=0,"",F5/E5) -> 0.041717294 | H5: =B8 -> 0.05
A6: σ | B6: 1 | D6: Ha verdadera → error tipo II | E6: =COUNTIF(B22:B5021,"Ha verdadera") -> 2531 | F6: =COUNTIFS(B22:B5021,"Ha verdadera",F22:F5021,"Error tipo II") -> 947 | G6: =IF(E6=0,"",F6/E6) -> 0.37416041 | H6: =IF(B9="superior",NORMDIST(B4+B10*B6/SQRT(B7),B5,B6/SQRT(B7),TRUE()),1-NORMDIST(B4-B10*B6/SQRT(B7),B5,B6/SQRT(B7),TRUE())) -> 0.36123997
A7: n | B7: 25 | D7: Error Monte Carlo de la frecuencia (tipo I) | G7: =IF(E5=0,"",SQRT(G5*(1-G5)/E5)) -> 0.0040238738
A8: α | B8: 0.05 | D8: Error Monte Carlo de la frecuencia (tipo II) | G8: =IF(E6=0,"",SQRT(G6*(1-G6)/E6)) -> 0.0096186553
A9: cola | B9: inferior
A10: z_α | B10: =NORMSINV(1-B8) -> 1.6448536
A21: Experimento | B21: Estado verdadero | C21: Media muestral ȳ | D21: z | E21: Decisión | F21: Resultado
A22: 1 | B22: H0 verdadera | C22: -0.059905355 | D22: =(C22-$B$4)/($B$6/SQRT($B$7)) -> -0.29952677 | E22: =IF(OR(AND($B$9="superior",D22>$B$10),AND($B$9="inferior",D22<-$B$10)),"Rechazar H0","No rechazar H0") -> No rechazar H0 | F22: =IF(AND(B22="H0 verdadera",E22="Rechazar H0"),"Error tipo I",IF(AND(B22="Ha verdadera",E22="No rechazar H0"),"Error tipo II","Decisión correcta")) -> Decisión correcta
A23: 2 | B23: Ha verdadera | C23: -0.24594455 | D23: =(C23-$B$4)/($B$6/SQRT($B$7)) -> -1.2297228 | E23: =IF(OR(AND($B$9="superior",D23>$B$10),AND($B$9="inferior",D23<-$B$10)),"Rechazar H0","No rechazar H0") -> No rechazar H0 | F23: =IF(AND(B23="H0 verdadera",E23="Rechazar H0"),"Error tipo I",IF(AND(B23="Ha verdadera",E23="No rechazar H0"),"Error tipo II","Decisión correcta")) -> Error tipo II
A24: 3 | B24: H0 verdadera | C24: 0.0034510893 | D24: =(C24-$B$4)/($B$6/SQRT($B$7)) -> 0.017255447 | E24: =IF(OR(AND($B$9="superior",D24>$B$10),AND($B$9="inferior",D24<-$B$10)),"Rechazar H0","No rechazar H0") -> No rechazar H0 | F24: =IF(AND(B24="H0 verdadera",E24="Rechazar H0"),"Error tipo I",IF(AND(B24="Ha verdadera",E24="No rechazar H0"),"Error tipo II","Decisión correcta")) -> Decisión correcta
A25: 4 | B25: H0 verdadera | C25: 0.16901211 | D25: =(C25-$B$4)/($B$6/SQRT($B$7)) -> 0.84506056 | E25: =IF(OR(AND($B$9="superior",D25>$B$10),AND($B$9="inferior",D25<-$B$10)),"Rechazar H0","No rechazar H0") -> No rechazar H0 | F25: =IF(AND(B25="H0 verdadera",E25="Rechazar H0"),"Error tipo I",IF(AND(B25="Ha verdadera",E25="No rechazar H0"),"Error tipo II","Decisión correcta")) -> Decisión correcta
A26: 5 | B26: H0 verdadera | C26: 0.13385271 | D26: =(C26-$B$4)/($B$6/SQRT($B$7)) -> 0.66926354 | E26: =IF(OR(AND($B$9="superior",D26>$B$10),AND($B$9="inferior",D26<-$B$10)),"Rechazar H0","No rechazar H0") -> No rechazar H0 | F26: =IF(AND(B26="H0 verdadera",E26="Rechazar H0"),"Error tipo I",IF(AND(B26="Ha verdadera",E26="No rechazar H0"),"Error tipo II","Decisión correcta")) -> Decisión correcta
A27: 6 | B27: Ha verdadera | C27: -0.2507489 | D27: =(C27-$B$4)/($B$6/SQRT($B$7)) -> -1.2537445 | E27: =IF(OR(AND($B$9="superior",D27>$B$10),AND($B$9="inferior",D27<-$B$10)),"Rechazar H0","No rechazar H0") -> No rechazar H0 | F27: =IF(AND(B27="H0 verdadera",E27="Rechazar H0"),"Error tipo I",IF(AND(B27="Ha verdadera",E27="No rechazar H0"),"Error tipo II","Decisión correcta")) -> Error tipo II
A28: 7 | B28: Ha verdadera | C28: -0.083643497 | D28: =(C28-$B$4)/($B$6/SQRT($B$7)) -> -0.41821748 | E28: =IF(OR(AND($B$9="superior",D28>$B$10),AND($B$9="inferior",D28<-$B$10)),"Rechazar H0","No rechazar H0") -> No rechazar H0 | F28: =IF(AND(B28="H0 verdadera",E28="Rechazar H0"),"Error tipo I",IF(AND(B28="Ha verdadera",E28="No rechazar H0"),"Error tipo II","Decisión correcta")) -> Error tipo II
A29: 8 | B29: H0 verdadera | C29: -0.25863534 | D29: =(C29-$B$4)/($B$6/SQRT($B$7)) -> -1.2931767 | E29: =IF(OR(AND($B$9="superior",D29>$B$10),AND($B$9="inferior",D29<-$B$10)),"Rechazar H0","No rechazar H0") -> No rechazar H0 | F29: =IF(AND(B29="H0 verdadera",E29="Rechazar H0"),"Error tipo I",IF(AND(B29="Ha verdadera",E29="No rechazar H0"),"Error tipo II","Decisión correcta")) -> Decisión correcta
A30: 9 | B30: Ha verdadera | C30: -0.35240556 | D30: =(C30-$B$4)/($B$6/SQRT($B$7)) -> -1.7620278 | E30: =IF(OR(AND($B$9="superior",D30>$B$10),AND($B$9="inferior",D30<-$B$10)),"Rechazar H0","No rechazar H0") -> Rechazar H0 | F30: =IF(AND(B30="H0 verdadera",E30="Rechazar H0"),"Error tipo I",IF(AND(B30="Ha verdadera",E30="No rechazar H0"),"Error tipo II","Decisión correcta")) -> Decisión correcta
A31: 10 | B31: H0 verdadera | C31: -0.03344239 | D31: =(C31-$B$4)/($B$6/SQRT($B$7)) -> -0.16721195 | E31: =IF(OR(AND($B$9="superior",D31>$B$10),AND($B$9="inferior",D31<-$B$10)),"Rechazar H0","No rechazar H0") -> No rechazar H0 | F31: =IF(AND(B31="H0 verdadera",E31="Rechazar H0"),"Error tipo I",IF(AND(B31="Ha verdadera",E31="No rechazar H0"),"Error tipo II","Decisión correcta")) -> Decisión correcta
A32: 11 | B32: Ha verdadera | C32: -0.19891347 | D32: =(C32-$B$4)/($B$6/SQRT($B$7)) -> -0.99456735 | E32: =IF(OR(AND($B$9="superior",D32>$B$10),AND($B$9="inferior",D32<-$B$10)),"Rechazar H0","No rechazar H0") -> No rechazar H0 | F32: =IF(AND(B32="H0 verdadera",E32="Rechazar H0"),"Error tipo I",IF(AND(B32="Ha verdadera",E32="No rechazar H0"),"Error tipo II","Decisión correcta")) -> Error tipo II
A33: 12 | B33: Ha verdadera | C33: -0.42842513 | D33: =(C33-$B$4)/($B$6/SQRT($B$7)) -> -2.1421256 | E33: =IF(OR(AND($B$9="superior",D33>$B$10),AND($B$9="inferior",D33<-$B$10)),"Rechazar H0","No rechazar H0") -> Rechazar H0 | F33: =IF(AND(B33="H0 verdadera",E33="Rechazar H0"),"Error tipo I",IF(AND(B33="Ha verdadera",E33="No rechazar H0"),"Error tipo II","Decisión correcta")) -> Decisión correcta
... A5021: 5000 | B5021: Ha verdadera | C5021: -0.37636032 | D5021: =(C5021-$B$4)/($B$6/SQRT($B$7)) -> -1.8818016 | E5021: =IF(OR(AND($B$9="superior",D5021>$B$10),AND($B$9="inferior",D5021<-$B$10)),"Rechazar H0","No rechazar H0") -> Rechazar H0 | F5021: =IF(AND(B5021="H0 verdadera",E5021="Rechazar H0"),"Error tipo I",IF(AND(B5021="Ha verdadera",E5021="No rechazar H0"),"Error tipo II","Decisión correcta")) -> Decisión correcta

Sheet Tus_datos
A1: observacion | C1: Pega tus observaciones en la columna A (una por fila, desde A2).
A2: -0.652 | C2: Los valores de ejemplo son simulados: bórralos y pon los tuyos.
A3: -0.175
A4: 1.664 | C4: μ0 (media bajo H0) | D4: 0
A5: 0.659 | C5: σ (conocida) | D5: 1
A6: -1.641 | C6: α | D6: 0.05
A7: -0.005 | C7: cola | D7: inferior
A8: -0.623
A9: 0.149 | C9: Resultados (fórmulas de Excel)
A10: -1.608 | C10: n | D10: =COUNT(A2:A5001) -> 25
A11: 0.242 | C11: ȳ | D11: =IF(D10=0,"",AVERAGE(A2:A5001)) -> -0.00764
A12: 0.235 | C12: EE = σ/√n | D12: =IF(D10=0,"",D5/SQRT(D10)) -> 0.2
A13: 1.576 | C13: z = (ȳ − μ0)/EE | D13: =IF(D10=0,"",(D11-D4)/D12) -> -0.0382
A14: 0.317 | C14: z_α | D14: =NORMSINV(1-D6) -> 1.6448536
A15: 0.511 | C15: Decisión | D15: =IF(D10=0,"",IF(OR(AND(D7="superior",D13>D14),AND(D7="inferior",D13<-D14)),"Rechazar H0","No rechazar H0")) -> No rechazar H0
A16: -1.493 | C16: Valor p | D16: =IF(D10=0,"",IF(D7="superior",1-NORMSDIST(D13),NORMSDIST(D13))) -> 0.48476411
A17: 2.253
A18: -1.916
A19: 1.102
A20: -0.33
A21: -0.881
A22: -0.656
A23: -0.672
A24: 0.38
A25: -0.11
A26: 1.483
